-- phpMyAdmin SQL Dump
-- version 5.2.0
-- https://www.phpmyadmin.net/
--
-- Hôte : 127.0.0.1
-- Généré le : dim. 24 déc. 2023 à 17:38
-- Version du serveur : 10.4.27-MariaDB
-- Version de PHP : 7.4.33

SET SQL_MODE = "NO_AUTO_VALUE_ON_ZERO";
START TRANSACTION;
SET time_zone = "+00:00";


/*!40101 SET @OLD_CHARACTER_SET_CLIENT=@@CHARACTER_SET_CLIENT */;
/*!40101 SET @OLD_CHARACTER_SET_RESULTS=@@CHARACTER_SET_RESULTS */;
/*!40101 SET @OLD_COLLATION_CONNECTION=@@COLLATION_CONNECTION */;
/*!40101 SET NAMES utf8mb4 */;

--
-- Base de données : `db1`
--

-- --------------------------------------------------------

--
-- Structure de la table `affectation_module_groupe_teacher`
--

CREATE TABLE `affectation_module_groupe_teacher` (
  `id` bigint(20) NOT NULL,
  `enseignant_id` bigint(20) DEFAULT NULL,
  `groupe_id` bigint(20) DEFAULT NULL,
  `module_id` bigint(20) DEFAULT NULL
) ENGINE=InnoDB DEFAULT CHARSET=utf8mb4 COLLATE=utf8mb4_general_ci;

--
-- Déchargement des données de la table `affectation_module_groupe_teacher`
--

INSERT INTO `affectation_module_groupe_teacher` (`id`, `enseignant_id`, `groupe_id`, `module_id`) VALUES
(2, 2, NULL, 1),
(3, 2, NULL, 2);

-- --------------------------------------------------------

--
-- Structure de la table `classe`
--

CREATE TABLE `classe` (
  `id` bigint(20) NOT NULL,
  `libelle` varchar(255) DEFAULT NULL,
  `nbr_eleves` int(11) NOT NULL,
  `filiere_id` bigint(20) DEFAULT NULL,
  `semestre_id` bigint(20) DEFAULT NULL
) ENGINE=InnoDB DEFAULT CHARSET=utf8mb4 COLLATE=utf8mb4_general_ci;

--
-- Déchargement des données de la table `classe`
--

INSERT INTO `classe` (`id`, `libelle`, `nbr_eleves`, `filiere_id`, `semestre_id`) VALUES
(1, 'CP1', 134, 3, NULL),
(2, 'CP2', 120, 3, NULL),
(3, '2ITE1', 30, 1, NULL),
(4, '2ITE2', 30, 1, NULL),
(5, '2ITE3', 30, 1, NULL),
(6, 'ISIC1', 30, 2, NULL),
(7, 'ISIC2', 30, 2, NULL),
(8, 'ISIC3', 30, 2, NULL);

-- --------------------------------------------------------

--
-- Structure de la table `criteria`
--

CREATE TABLE `criteria` (
  `id` bigint(20) NOT NULL,
  `equipment` varchar(255) DEFAULT NULL,
  `infrastructure` varchar(255) DEFAULT NULL,
  `learning_space` varchar(255) DEFAULT NULL,
  `preference` varchar(255) DEFAULT NULL,
  `etudiant_id` bigint(20) DEFAULT NULL
) ENGINE=InnoDB DEFAULT CHARSET=utf8mb4 COLLATE=utf8mb4_general_ci;

--
-- Déchargement des données de la table `criteria`
--

INSERT INTO `criteria` (`id`, `equipment`, `infrastructure`, `learning_space`, `preference`, `etudiant_id`) VALUES
(1, 'Yes', 'Yes', 'Yes', 'Hybride', 27),
(2, 'No', 'No', 'No', 'On site', 26),
(3, 'No', 'Yes', 'Yes', 'On site', 28);

-- --------------------------------------------------------

--
-- Structure de la table `filiere`
--

CREATE TABLE `filiere` (
  `id` bigint(20) NOT NULL,
  `chef_filiere` varchar(255) DEFAULT NULL,
  `departement` varchar(255) DEFAULT NULL,
  `libelle` varchar(255) DEFAULT NULL,
  `nombre_sem` int(11) NOT NULL
) ENGINE=InnoDB DEFAULT CHARSET=utf8mb4 COLLATE=utf8mb4_general_ci;

--
-- Déchargement des données de la table `filiere`
--

INSERT INTO `filiere` (`id`, `chef_filiere`, `departement`, `libelle`, `nombre_sem`) VALUES
(1, 'FERTATe', 'TRI', '2ITE', 6),
(2, 'DAHBI', 'TRI', 'ISIC', 6),
(3, 'QQ', 'STIN', 'CP', 4);

-- --------------------------------------------------------

--
-- Structure de la table `groupe`
--

CREATE TABLE `groupe` (
  `id` bigint(20) NOT NULL,
  `libelle` varchar(255) DEFAULT NULL,
  `classe_id` bigint(20) DEFAULT NULL
) ENGINE=InnoDB DEFAULT CHARSET=utf8mb4 COLLATE=utf8mb4_general_ci;

--
-- Déchargement des données de la table `groupe`
--

INSERT INTO `groupe` (`id`, `libelle`, `classe_id`) VALUES
(1, 'GA33', 1),
(2, 'GA2', 1),
(3, 'GB2', 1),
(4, 'GA1', 1),
(5, 'GB1', 1),
(6, 'GB3', 1),
(7, 'GA1', 2),
(8, 'GA2', 2),
(9, 'GB1', 2),
(10, 'GA3', 2),
(11, 'GB3', 2),
(12, 'GB2', 2);

-- --------------------------------------------------------

--
-- Structure de la table `module`
--

CREATE TABLE `module` (
  `id` bigint(20) NOT NULL,
  `libelle` varchar(255) DEFAULT NULL,
  `nbr_evaluation` int(11) NOT NULL,
  `nbrtd` int(11) NOT NULL,
  `nbrtp` int(11) NOT NULL,
  `semestre` varchar(255) DEFAULT NULL,
  `volume_horaire_on_remote` int(11) NOT NULL,
  `volume_horaire_onsite` int(11) NOT NULL,
  `classe_id` bigint(20) DEFAULT NULL,
  `enseignant_id` bigint(20) DEFAULT NULL,
  `filiere_id` bigint(20) DEFAULT NULL,
  `edited` bit(1) NOT NULL,
  `mode` varchar(255) DEFAULT NULL
) ENGINE=InnoDB DEFAULT CHARSET=utf8mb4 COLLATE=utf8mb4_general_ci;

--
-- Déchargement des données de la table `module`
--

INSERT INTO `module` (`id`, `libelle`, `nbr_evaluation`, `nbrtd`, `nbrtp`, `semestre`, `volume_horaire_on_remote`, `volume_horaire_onsite`, `classe_id`, `enseignant_id`, `filiere_id`, `edited`, `mode`) VALUES
(1, 'dev mobile', 4, 2, 2, 'S1', 0, 12, 4, 2, 1, b'0', 'On Site'),
(2, 'encadrement', 2, 2, 2, 'S5', 12, 0, 5, 2, 1, b'0', 'Remote'),
(3, 'devops', 2, 2, 2, 'S1', 6, 6, 5, 3, 1, b'0', 'Hybride'),
(4, 'devops', 2, 2, 2, 'S1', 6, 6, 5, 3, 1, b'0', 'Hybride'),
(5, 'microservices', 2, 2, 2, 'S1', 6, 6, 5, 2, 1, b'0', 'Hybride'),
(6, 'big data', 2, 2, 2, 'S1', 6, 6, 5, 4, 1, b'0', 'Hybride'),
(7, 'data science', 2, 2, 2, 'S1', 6, 6, 5, 4, 1, b'0', 'Hybride'),
(8, 'securite big data', 2, 2, 2, 'S1', 6, 6, 5, 4, 1, b'0', 'Hybride'),
(9, 'assurance qa', 2, 2, 2, 'S1', 6, 6, 5, 6, 1, b'0', 'Hybride'),
(10, 'recherche sc', 2, 2, 2, 'S1', 6, 6, 5, 9, 1, b'0', 'Hybride'),
(11, 'mobile', 2, 2, 2, 'S1', 6, 6, 4, 2, 1, b'0', 'Hybride'),
(12, 'gestion bd', 2, 2, 2, 'S1', 6, 6, 4, 3, 1, b'0', 'Hybride'),
(13, 'java ee', 2, 2, 2, 'S1', 6, 6, 4, 4, 1, b'0', 'Hybride'),
(14, 'management', 2, 2, 2, 'S1', 6, 6, 4, 5, 1, b'0', 'Hybride'),
(15, 'bi', 2, 2, 2, 'S1', 6, 6, 4, 5, 1, b'0', 'Hybride'),
(16, 'cloud', 2, 2, 2, 'S1', 6, 6, 4, 8, 1, b'0', 'Hybride'),
(17, 'ai', 2, 2, 2, 'S1', 6, 6, 4, 2, 1, b'0', 'Hybride'),
(18, 'lc', 2, 2, 2, 'S1', 6, 6, 4, 6, 1, b'0', 'Hybride'),
(19, 'python', 2, 2, 2, 'S1', 6, 6, 3, 8, 1, b'0', 'Hybride'),
(21, 'python', 2, 2, 2, 'S1', 6, 6, 3, 8, 1, b'0', 'Hybride'),
(22, 'lan wlan', 2, 2, 2, 'S1', 6, 6, 3, 8, 1, b'0', 'Hybride'),
(24, 'python', 2, 2, 2, 'S1', 6, 6, 3, 8, 1, b'0', 'Hybride'),
(25, 'lan wlan', 2, 2, 2, 'S1', 6, 6, 3, 8, 1, b'0', 'Hybride'),
(26, 'tcp ip', 2, 2, 2, 'S1', 6, 6, 3, 6, 1, b'0', 'Hybride'),
(27, 'th des graph', 2, 2, 2, 'S1', 6, 6, 3, 4, 1, b'0', 'Hybride'),
(28, 'sql', 2, 2, 2, 'S1', 6, 6, 3, 9, 1, b'0', 'Hybride'),
(29, 'archi', 2, 2, 2, 'S1', 6, 6, 3, 2, 1, b'0', 'Hybride'),
(30, 'lunix', 2, 2, 2, 'S1', 6, 6, 3, 3, 1, b'0', 'Hybride'),
(31, 'lc', 2, 2, 2, 'S1', 6, 6, 3, 9, 1, b'0', 'Hybride');

-- --------------------------------------------------------

--
-- Structure de la table `non_disponibilite`
--

CREATE TABLE `non_disponibilite` (
  `id` bigint(20) NOT NULL,
  `jour` varchar(255) DEFAULT NULL,
  `periode` smallint(6) DEFAULT NULL,
  `enseignant_id` bigint(20) DEFAULT NULL
) ENGINE=InnoDB DEFAULT CHARSET=utf8mb4 COLLATE=utf8mb4_general_ci;

-- --------------------------------------------------------

--
-- Structure de la table `person`
--

CREATE TABLE `person` (
  `role` varchar(10) NOT NULL,
  `id` bigint(20) NOT NULL,
  `civilite` varchar(255) DEFAULT NULL,
  `cne` varchar(255) DEFAULT NULL,
  `email` varchar(255) DEFAULT NULL,
  `is_authentificated` tinyint(1) DEFAULT 0,
  `login` varchar(255) DEFAULT NULL,
  `nom` varchar(255) DEFAULT NULL,
  `password` varchar(255) DEFAULT NULL,
  `prenom` varchar(255) DEFAULT NULL,
  `tel` varchar(255) DEFAULT NULL,
  `admin_type` varchar(255) DEFAULT NULL,
  `specialite` varchar(255) DEFAULT NULL,
  `classe_id` bigint(20) DEFAULT NULL,
  `groupe_id` bigint(20) DEFAULT NULL
) ENGINE=InnoDB DEFAULT CHARSET=utf8mb4 COLLATE=utf8mb4_general_ci;

--
-- Déchargement des données de la table `person`
--

INSERT INTO `person` (`role`, `id`, `civilite`, `cne`, `email`, `is_authentificated`, `login`, `nom`, `password`, `prenom`, `tel`, `admin_type`, `specialite`, `classe_id`, `groupe_id`) VALUES
('ADMIN', 1, 'M', '555', 'admin@admin.com', 1, 'admin', 'Ouhayou', 'admin', 'Oussama', '0600000000', 'SUPER_ADMIN', NULL, NULL, NULL),
('PROF', 2, 'M', 'lkjhgd', 'm.lachgar@gmail.com', 0, 'lachgar', 'lachgar', 'lachgar', 'mohamed', '0987654', NULL, 'dev', NULL, NULL),
('PROF', 3, 'Monsieur', 'ee', 'email1@example.com', 0, 'prof1', 'prof1', 'prof1', 'prof1', '123456789', NULL, 'Specialty1', NULL, NULL),
('PROF', 4, 'Monsieur', 'rrr', 'email2@example.com', 0, 'prof2', 'prof2', 'prof2', 'prof2', '123456789', NULL, 'Specialty2', NULL, NULL),
('PROF', 5, 'Monsieur', 'ttt', 'smith@example.com', 0, 'smith', 'John', 'smith', 'Smith', '555-123-4567', NULL, 'Specialty4', NULL, NULL),
('PROF', 6, 'Monsieur', 'yyy', 'email3@example.com', 0, 'prof3', 'prof3', 'prof3', 'prof3', '123456789', NULL, 'Specialty3', NULL, NULL),
('PROF', 8, 'Monsieur', 'ii', 'emily@example.com', 0, 'emily', 'Emily', 'emily', 'Williams', '555-555-5555', NULL, 'Specialty6', NULL, NULL),
('PROF', 9, 'Monsieur', 'uuu', 'alex@example.com', 0, 'alex', 'Alex', 'alex', 'Brown', '555-369-2580', NULL, 'Specialty7', NULL, NULL),
('Etudiant', 26, 'M', 'ghjk', 'o@h.com', 0, 'ouss', 'hayo', 'ouss', 'oussammm', 'fghj', NULL, NULL, 3, 3),
('Etudiant', 27, 'M', 'dfghjk', 're@g.com', 0, 'reda', 'makaoui', 'reda', 'reda', '4567890', NULL, NULL, 5, 4),
('Etudiant', 28, 'M', 'dfghj', 'edddd@ddddd.com', 0, 'elhadi', 'refk', 'elhadi', 'elhadiiiiiii', '9876545678', NULL, NULL, 1, 1);

-- --------------------------------------------------------

--
-- Structure de la table `salle`
--

CREATE TABLE `salle` (
  `id` bigint(20) NOT NULL,
  `bloc` varchar(255) DEFAULT NULL,
  `capacite` int(11) NOT NULL,
  `num_salle` int(11) NOT NULL,
  `type_salle` varchar(255) DEFAULT NULL
) ENGINE=InnoDB DEFAULT CHARSET=utf8mb4 COLLATE=utf8mb4_general_ci;

--
-- Déchargement des données de la table `salle`
--

INSERT INTO `salle` (`id`, `bloc`, `capacite`, `num_salle`, `type_salle`) VALUES
(1, 'A', 33, 0, 'Simple'),
(2, 'B', 33, 0, 'Simple'),
(3, 'C', 55, 0, 'Simple');

-- --------------------------------------------------------

--
-- Structure de la table `semestre`
--

CREATE TABLE `semestre` (
  `id` bigint(20) NOT NULL,
  `annee_univ` varchar(255) DEFAULT NULL,
  `date_debut` date DEFAULT NULL,
  `date_fin` date DEFAULT NULL,
  `num` varchar(255) DEFAULT NULL
) ENGINE=InnoDB DEFAULT CHARSET=utf8mb4 COLLATE=utf8mb4_general_ci;

-- --------------------------------------------------------

--
-- Structure de la table `session`
--

CREATE TABLE `session` (
  `id` bigint(20) NOT NULL,
  `mode` varchar(255) DEFAULT NULL,
  `enseignant_id` bigint(20) DEFAULT NULL,
  `etudiant_id` bigint(20) DEFAULT NULL,
  `module_id` bigint(20) DEFAULT NULL
) ENGINE=InnoDB DEFAULT CHARSET=utf8mb4 COLLATE=utf8mb4_general_ci;

--
-- Déchargement des données de la table `session`
--

INSERT INTO `session` (`id`, `mode`, `enseignant_id`, `etudiant_id`, `module_id`) VALUES
(1, 'Remote', 2, 27, 2),
(2, 'Hybride', 2, 27, 5),
(3, 'On site', 2, 26, 29),
(4, 'Hybride', 3, 27, 3),
(5, 'Hybride', 3, 27, 4),
(6, 'Hybride', 3, 27, 3),
(7, 'Hybride', 3, 27, 4),
(8, 'On site', 3, 26, 30),
(9, 'Hybride', 4, 27, 6),
(10, 'Hybride', 4, 27, 7),
(11, 'Hybride', 4, 27, 8),
(12, 'On site', 4, 26, 27),
(13, 'Hybride', 6, 27, 9),
(14, 'On site', 6, 26, 31),
(15, 'On site', 6, 26, 26),
(16, 'On site', 8, 26, 19),
(17, 'On site', 8, 26, 21),
(18, 'On site', 8, 26, 24),
(19, 'On site', 8, 26, 19),
(20, 'On site', 8, 26, 21),
(21, 'On site', 8, 26, 24),
(22, 'On site', 8, 26, 22),
(23, 'On site', 8, 26, 25),
(24, 'On site', 8, 26, 19),
(25, 'On site', 8, 26, 21),
(26, 'On site', 8, 26, 24),
(27, 'On site', 8, 26, 22),
(28, 'On site', 8, 26, 25),
(29, 'Hybride', 9, 27, 10),
(30, 'On site', 9, 26, 28),
(31, 'On site', 9, 26, 31);

-- --------------------------------------------------------

--
-- Structure de la table `timeslot_module_salle`
--

CREATE TABLE `timeslot_module_salle` (
  `id` bigint(20) NOT NULL,
  `salle` varchar(255) DEFAULT NULL,
  `timeslot` varchar(255) DEFAULT NULL,
  `module_id` bigint(20) DEFAULT NULL,
  `color` varchar(255) DEFAULT NULL,
  `day` varchar(255) DEFAULT NULL,
  `end_time` varchar(255) DEFAULT NULL,
  `start_time` varchar(255) DEFAULT NULL
) ENGINE=InnoDB DEFAULT CHARSET=utf8mb4 COLLATE=utf8mb4_general_ci;

--
-- Déchargement des données de la table `timeslot_module_salle`
--

INSERT INTO `timeslot_module_salle` (`id`, `salle`, `timeslot`, `module_id`, `color`, `day`, `end_time`, `start_time`) VALUES
(1, 'A0', NULL, 1, NULL, '2024-02-05T08:30:00', '09:30:00', '08:30:00'),
(2, 'A0', NULL, 1, '#8EACCD', '2024-02-12T08:30:00', '09:30:00', '08:30:00'),
(3, 'A0', NULL, 1, NULL, '2024-02-19T08:30:00', '09:30:00', '08:30:00'),
(4, 'A0', NULL, 1, '#8EACCD', '2024-02-26T08:30:00', '09:30:00', '08:30:00'),
(5, 'A0', NULL, 1, NULL, '2024-03-04T08:30:00', '09:30:00', '08:30:00'),
(6, 'A0', NULL, 1, '#8EACCD', '2024-03-11T08:30:00', '09:30:00', '08:30:00'),
(7, 'A0', NULL, 1, NULL, '2024-03-18T08:30:00', '09:30:00', '08:30:00'),
(8, 'A0', NULL, 1, '#8EACCD', '2024-03-25T08:30:00', '09:30:00', '08:30:00'),
(9, 'A0', NULL, 1, '#8EACCD', '2024-04-01T08:30:00', '09:30:00', '08:30:00'),
(10, 'A0', NULL, 1, NULL, '2024-04-08T08:30:00', '09:30:00', '08:30:00'),
(11, 'A0', NULL, 1, NULL, '2024-04-15T08:30:00', '09:30:00', '08:30:00'),
(12, 'A0', NULL, 1, NULL, '2024-04-22T08:30:00', '09:30:00', '08:30:00'),
(13, 'A0', NULL, 1, NULL, '2024-04-29T08:30:00', '09:30:00', '08:30:00'),
(14, 'A0', NULL, 1, NULL, '2024-05-06T08:30:00', '09:30:00', '08:30:00'),
(15, 'A0', NULL, 1, NULL, '2024-05-13T08:30:00', '09:30:00', '08:30:00'),
(16, 'A0', NULL, 1, '#CD8D7A', '2024-05-20T08:30:00', '09:30:00', '08:30:00'),
(17, 'A0', NULL, 1, '#CD8D7A', '2024-05-27T08:30:00', '09:30:00', '08:30:00'),
(18, 'A0', NULL, 1, '#CD8D7A', '2024-06-03T08:30:00', '09:30:00', '08:30:00'),
(19, 'A0', NULL, 1, '#CD8D7A', '2024-06-10T08:30:00', '09:30:00', '08:30:00'),
(20, 'A0', NULL, 2, NULL, '2024-02-05T10:30:00', '10:30:00', '10:30:00'),
(21, 'A0', NULL, 2, '#8EACCD', '2024-02-12T10:30:00', '10:30:00', '10:30:00'),
(22, 'A0', NULL, 2, NULL, '2024-02-19T10:30:00', '10:30:00', '10:30:00'),
(23, 'A0', NULL, 2, '#8EACCD', '2024-02-26T10:30:00', '10:30:00', '10:30:00'),
(24, 'A0', NULL, 2, NULL, '2024-03-04T10:30:00', '10:30:00', '10:30:00'),
(25, 'A0', NULL, 2, '#8EACCD', '2024-03-11T10:30:00', '10:30:00', '10:30:00'),
(26, 'A0', NULL, 2, NULL, '2024-03-18T10:30:00', '10:30:00', '10:30:00'),
(27, 'A0', NULL, 2, '#8EACCD', '2024-03-25T10:30:00', '10:30:00', '10:30:00'),
(28, 'A0', NULL, 2, '#8EACCD', '2024-04-01T10:30:00', '10:30:00', '10:30:00'),
(29, 'A0', NULL, 2, NULL, '2024-04-08T10:30:00', '10:30:00', '10:30:00'),
(30, 'A0', NULL, 2, NULL, '2024-04-15T10:30:00', '10:30:00', '10:30:00'),
(31, 'A0', NULL, 2, NULL, '2024-04-22T10:30:00', '10:30:00', '10:30:00'),
(32, 'A0', NULL, 2, NULL, '2024-04-29T10:30:00', '10:30:00', '10:30:00'),
(33, 'A0', NULL, 2, NULL, '2024-05-06T10:30:00', '10:30:00', '10:30:00'),
(34, 'A0', NULL, 2, NULL, '2024-05-13T10:30:00', '10:30:00', '10:30:00'),
(35, 'A0', NULL, 2, '#CD8D7A', '2024-05-20T10:30:00', '10:30:00', '10:30:00'),
(36, 'A0', NULL, 2, '#CD8D7A', '2024-05-27T10:30:00', '10:30:00', '10:30:00'),
(37, 'A0', NULL, 2, '#CD8D7A', '2024-06-03T10:30:00', '10:30:00', '10:30:00'),
(38, 'A0', NULL, 3, NULL, '2024-02-05T12:30:00', '11:30:00', '12:30:00'),
(39, 'A0', NULL, 3, '#8EACCD', '2024-02-12T12:30:00', '11:30:00', '12:30:00'),
(40, 'A0', NULL, 3, NULL, '2024-02-19T12:30:00', '11:30:00', '12:30:00'),
(41, 'A0', NULL, 3, '#8EACCD', '2024-02-26T12:30:00', '11:30:00', '12:30:00'),
(42, 'A0', NULL, 3, NULL, '2024-03-04T12:30:00', '11:30:00', '12:30:00'),
(43, 'A0', NULL, 3, '#8EACCD', '2024-03-11T12:30:00', '11:30:00', '12:30:00'),
(44, 'A0', NULL, 3, NULL, '2024-03-18T12:30:00', '11:30:00', '12:30:00'),
(45, 'A0', NULL, 3, '#8EACCD', '2024-03-25T12:30:00', '11:30:00', '12:30:00'),
(46, 'A0', NULL, 3, '#8EACCD', '2024-04-01T12:30:00', '11:30:00', '12:30:00'),
(47, 'A0', NULL, 3, NULL, '2024-04-08T12:30:00', '11:30:00', '12:30:00'),
(48, 'A0', NULL, 3, NULL, '2024-04-15T12:30:00', '11:30:00', '12:30:00'),
(49, 'A0', NULL, 3, NULL, '2024-04-22T12:30:00', '11:30:00', '12:30:00'),
(50, 'A0', NULL, 3, NULL, '2024-04-29T12:30:00', '11:30:00', '12:30:00'),
(51, 'A0', NULL, 3, NULL, '2024-05-06T12:30:00', '11:30:00', '12:30:00'),
(52, 'A0', NULL, 3, NULL, '2024-05-13T12:30:00', '11:30:00', '12:30:00'),
(53, 'A0', NULL, 3, '#CD8D7A', '2024-05-20T12:30:00', '11:30:00', '12:30:00'),
(54, 'A0', NULL, 3, '#CD8D7A', '2024-05-27T12:30:00', '11:30:00', '12:30:00'),
(55, 'A0', NULL, 3, '#CD8D7A', '2024-06-03T12:30:00', '11:30:00', '12:30:00'),
(56, 'A0', NULL, 4, NULL, '2024-02-05T13:30:00', '14:30:00', '13:30:00'),
(57, 'A0', NULL, 4, '#8EACCD', '2024-02-12T13:30:00', '14:30:00', '13:30:00'),
(58, 'A0', NULL, 4, NULL, '2024-02-19T13:30:00', '14:30:00', '13:30:00'),
(59, 'A0', NULL, 4, '#8EACCD', '2024-02-26T13:30:00', '14:30:00', '13:30:00'),
(60, 'A0', NULL, 4, NULL, '2024-03-04T13:30:00', '14:30:00', '13:30:00'),
(61, 'A0', NULL, 4, '#8EACCD', '2024-03-11T13:30:00', '14:30:00', '13:30:00'),
(62, 'A0', NULL, 4, NULL, '2024-03-18T13:30:00', '14:30:00', '13:30:00'),
(63, 'A0', NULL, 4, '#8EACCD', '2024-03-25T13:30:00', '14:30:00', '13:30:00'),
(64, 'A0', NULL, 4, '#8EACCD', '2024-04-01T13:30:00', '14:30:00', '13:30:00'),
(65, 'A0', NULL, 4, NULL, '2024-04-08T13:30:00', '14:30:00', '13:30:00'),
(66, 'A0', NULL, 4, NULL, '2024-04-15T13:30:00', '14:30:00', '13:30:00'),
(67, 'A0', NULL, 4, NULL, '2024-04-22T13:30:00', '14:30:00', '13:30:00'),
(68, 'A0', NULL, 4, NULL, '2024-04-29T13:30:00', '14:30:00', '13:30:00'),
(69, 'A0', NULL, 4, NULL, '2024-05-06T13:30:00', '14:30:00', '13:30:00'),
(70, 'A0', NULL, 4, NULL, '2024-05-13T13:30:00', '14:30:00', '13:30:00'),
(71, 'A0', NULL, 4, '#CD8D7A', '2024-05-20T13:30:00', '14:30:00', '13:30:00'),
(72, 'A0', NULL, 4, '#CD8D7A', '2024-05-27T13:30:00', '14:30:00', '13:30:00'),
(73, 'A0', NULL, 4, '#CD8D7A', '2024-06-03T13:30:00', '14:30:00', '13:30:00'),
(74, 'A0', NULL, 5, NULL, '2024-02-05T15:30:00', '15:30:00', '15:30:00'),
(75, 'A0', NULL, 5, '#8EACCD', '2024-02-12T15:30:00', '15:30:00', '15:30:00'),
(76, 'A0', NULL, 5, NULL, '2024-02-19T15:30:00', '15:30:00', '15:30:00'),
(77, 'A0', NULL, 5, '#8EACCD', '2024-02-26T15:30:00', '15:30:00', '15:30:00'),
(78, 'A0', NULL, 5, NULL, '2024-03-04T15:30:00', '15:30:00', '15:30:00'),
(79, 'A0', NULL, 5, '#8EACCD', '2024-03-11T15:30:00', '15:30:00', '15:30:00'),
(80, 'A0', NULL, 5, NULL, '2024-03-18T15:30:00', '15:30:00', '15:30:00'),
(81, 'A0', NULL, 5, '#8EACCD', '2024-03-25T15:30:00', '15:30:00', '15:30:00'),
(82, 'A0', NULL, 5, '#8EACCD', '2024-04-01T15:30:00', '15:30:00', '15:30:00'),
(83, 'A0', NULL, 5, NULL, '2024-04-08T15:30:00', '15:30:00', '15:30:00'),
(84, 'A0', NULL, 5, NULL, '2024-04-15T15:30:00', '15:30:00', '15:30:00'),
(85, 'A0', NULL, 5, NULL, '2024-04-22T15:30:00', '15:30:00', '15:30:00'),
(86, 'A0', NULL, 5, NULL, '2024-04-29T15:30:00', '15:30:00', '15:30:00'),
(87, 'A0', NULL, 5, NULL, '2024-05-06T15:30:00', '15:30:00', '15:30:00'),
(88, 'A0', NULL, 5, NULL, '2024-05-13T15:30:00', '15:30:00', '15:30:00'),
(89, 'A0', NULL, 5, '#CD8D7A', '2024-05-20T15:30:00', '15:30:00', '15:30:00'),
(90, 'A0', NULL, 5, '#CD8D7A', '2024-05-27T15:30:00', '15:30:00', '15:30:00'),
(91, 'A0', NULL, 5, '#CD8D7A', '2024-06-03T15:30:00', '15:30:00', '15:30:00'),
(92, 'A0', NULL, 6, NULL, '2024-02-06T08:30:00', '09:30:00', '08:30:00'),
(93, 'A0', NULL, 6, '#8EACCD', '2024-02-13T08:30:00', '09:30:00', '08:30:00'),
(94, 'A0', NULL, 6, NULL, '2024-02-20T08:30:00', '09:30:00', '08:30:00'),
(95, 'A0', NULL, 6, '#8EACCD', '2024-02-27T08:30:00', '09:30:00', '08:30:00'),
(96, 'A0', NULL, 6, NULL, '2024-03-05T08:30:00', '09:30:00', '08:30:00'),
(97, 'A0', NULL, 6, '#8EACCD', '2024-03-12T08:30:00', '09:30:00', '08:30:00'),
(98, 'A0', NULL, 6, NULL, '2024-03-19T08:30:00', '09:30:00', '08:30:00'),
(99, 'A0', NULL, 6, '#8EACCD', '2024-03-26T08:30:00', '09:30:00', '08:30:00'),
(100, 'A0', NULL, 6, '#8EACCD', '2024-04-02T08:30:00', '09:30:00', '08:30:00'),
(101, 'A0', NULL, 6, NULL, '2024-04-09T08:30:00', '09:30:00', '08:30:00'),
(102, 'A0', NULL, 6, NULL, '2024-04-16T08:30:00', '09:30:00', '08:30:00'),
(103, 'A0', NULL, 6, NULL, '2024-04-23T08:30:00', '09:30:00', '08:30:00'),
(104, 'A0', NULL, 6, NULL, '2024-04-30T08:30:00', '09:30:00', '08:30:00'),
(105, 'A0', NULL, 6, NULL, '2024-05-07T08:30:00', '09:30:00', '08:30:00'),
(106, 'A0', NULL, 6, NULL, '2024-05-14T08:30:00', '09:30:00', '08:30:00'),
(107, 'A0', NULL, 6, '#CD8D7A', '2024-05-21T08:30:00', '09:30:00', '08:30:00'),
(108, 'A0', NULL, 6, '#CD8D7A', '2024-05-28T08:30:00', '09:30:00', '08:30:00'),
(109, 'A0', NULL, 6, '#CD8D7A', '2024-06-04T08:30:00', '09:30:00', '08:30:00'),
(110, 'A0', NULL, 7, NULL, '2024-02-06T10:30:00', '10:30:00', '10:30:00'),
(111, 'A0', NULL, 7, '#8EACCD', '2024-02-13T10:30:00', '10:30:00', '10:30:00'),
(112, 'A0', NULL, 7, NULL, '2024-02-20T10:30:00', '10:30:00', '10:30:00'),
(113, 'A0', NULL, 7, '#8EACCD', '2024-02-27T10:30:00', '10:30:00', '10:30:00'),
(114, 'A0', NULL, 7, NULL, '2024-03-05T10:30:00', '10:30:00', '10:30:00'),
(115, 'A0', NULL, 7, '#8EACCD', '2024-03-12T10:30:00', '10:30:00', '10:30:00'),
(116, 'A0', NULL, 7, NULL, '2024-03-19T10:30:00', '10:30:00', '10:30:00'),
(117, 'A0', NULL, 7, '#8EACCD', '2024-03-26T10:30:00', '10:30:00', '10:30:00'),
(118, 'A0', NULL, 7, '#8EACCD', '2024-04-02T10:30:00', '10:30:00', '10:30:00'),
(119, 'A0', NULL, 7, NULL, '2024-04-09T10:30:00', '10:30:00', '10:30:00'),
(120, 'A0', NULL, 7, NULL, '2024-04-16T10:30:00', '10:30:00', '10:30:00'),
(121, 'A0', NULL, 7, NULL, '2024-04-23T10:30:00', '10:30:00', '10:30:00'),
(122, 'A0', NULL, 7, NULL, '2024-04-30T10:30:00', '10:30:00', '10:30:00'),
(123, 'A0', NULL, 7, NULL, '2024-05-07T10:30:00', '10:30:00', '10:30:00'),
(124, 'A0', NULL, 7, NULL, '2024-05-14T10:30:00', '10:30:00', '10:30:00'),
(125, 'A0', NULL, 7, '#CD8D7A', '2024-05-21T10:30:00', '10:30:00', '10:30:00'),
(126, 'A0', NULL, 7, '#CD8D7A', '2024-05-28T10:30:00', '10:30:00', '10:30:00'),
(127, 'A0', NULL, 7, '#CD8D7A', '2024-06-04T10:30:00', '10:30:00', '10:30:00'),
(128, 'A0', NULL, 8, NULL, '2024-02-06T12:30:00', '11:30:00', '12:30:00'),
(129, 'A0', NULL, 8, '#8EACCD', '2024-02-13T12:30:00', '11:30:00', '12:30:00'),
(130, 'A0', NULL, 8, NULL, '2024-02-20T12:30:00', '11:30:00', '12:30:00'),
(131, 'A0', NULL, 8, '#8EACCD', '2024-02-27T12:30:00', '11:30:00', '12:30:00'),
(132, 'A0', NULL, 8, NULL, '2024-03-05T12:30:00', '11:30:00', '12:30:00'),
(133, 'A0', NULL, 8, '#8EACCD', '2024-03-12T12:30:00', '11:30:00', '12:30:00'),
(134, 'A0', NULL, 8, NULL, '2024-03-19T12:30:00', '11:30:00', '12:30:00'),
(135, 'A0', NULL, 8, '#8EACCD', '2024-03-26T12:30:00', '11:30:00', '12:30:00'),
(136, 'A0', NULL, 8, '#8EACCD', '2024-04-02T12:30:00', '11:30:00', '12:30:00'),
(137, 'A0', NULL, 8, NULL, '2024-04-09T12:30:00', '11:30:00', '12:30:00'),
(138, 'A0', NULL, 8, NULL, '2024-04-16T12:30:00', '11:30:00', '12:30:00'),
(139, 'A0', NULL, 8, NULL, '2024-04-23T12:30:00', '11:30:00', '12:30:00'),
(140, 'A0', NULL, 8, NULL, '2024-04-30T12:30:00', '11:30:00', '12:30:00'),
(141, 'A0', NULL, 8, NULL, '2024-05-07T12:30:00', '11:30:00', '12:30:00'),
(142, 'A0', NULL, 8, NULL, '2024-05-14T12:30:00', '11:30:00', '12:30:00'),
(143, 'A0', NULL, 8, '#CD8D7A', '2024-05-21T12:30:00', '11:30:00', '12:30:00'),
(144, 'A0', NULL, 8, '#CD8D7A', '2024-05-28T12:30:00', '11:30:00', '12:30:00'),
(145, 'A0', NULL, 8, '#CD8D7A', '2024-06-04T12:30:00', '11:30:00', '12:30:00'),
(146, 'A0', NULL, 9, NULL, '2024-02-06T13:30:00', '14:30:00', '13:30:00'),
(147, 'A0', NULL, 9, '#8EACCD', '2024-02-13T13:30:00', '14:30:00', '13:30:00'),
(148, 'A0', NULL, 9, NULL, '2024-02-20T13:30:00', '14:30:00', '13:30:00'),
(149, 'A0', NULL, 9, '#8EACCD', '2024-02-27T13:30:00', '14:30:00', '13:30:00'),
(150, 'A0', NULL, 9, NULL, '2024-03-05T13:30:00', '14:30:00', '13:30:00'),
(151, 'A0', NULL, 9, '#8EACCD', '2024-03-12T13:30:00', '14:30:00', '13:30:00'),
(152, 'A0', NULL, 9, NULL, '2024-03-19T13:30:00', '14:30:00', '13:30:00'),
(153, 'A0', NULL, 9, '#8EACCD', '2024-03-26T13:30:00', '14:30:00', '13:30:00'),
(154, 'A0', NULL, 9, '#8EACCD', '2024-04-02T13:30:00', '14:30:00', '13:30:00'),
(155, 'A0', NULL, 9, NULL, '2024-04-09T13:30:00', '14:30:00', '13:30:00'),
(156, 'A0', NULL, 9, NULL, '2024-04-16T13:30:00', '14:30:00', '13:30:00'),
(157, 'A0', NULL, 9, NULL, '2024-04-23T13:30:00', '14:30:00', '13:30:00'),
(158, 'A0', NULL, 9, NULL, '2024-04-30T13:30:00', '14:30:00', '13:30:00'),
(159, 'A0', NULL, 9, NULL, '2024-05-07T13:30:00', '14:30:00', '13:30:00'),
(160, 'A0', NULL, 9, NULL, '2024-05-14T13:30:00', '14:30:00', '13:30:00'),
(161, 'A0', NULL, 9, '#CD8D7A', '2024-05-21T13:30:00', '14:30:00', '13:30:00'),
(162, 'A0', NULL, 9, '#CD8D7A', '2024-05-28T13:30:00', '14:30:00', '13:30:00'),
(163, 'A0', NULL, 9, '#CD8D7A', '2024-06-04T13:30:00', '14:30:00', '13:30:00'),
(164, 'A0', NULL, 10, NULL, '2024-02-06T15:30:00', '15:30:00', '15:30:00'),
(165, 'A0', NULL, 10, '#8EACCD', '2024-02-13T15:30:00', '15:30:00', '15:30:00'),
(166, 'A0', NULL, 10, NULL, '2024-02-20T15:30:00', '15:30:00', '15:30:00'),
(167, 'A0', NULL, 10, '#8EACCD', '2024-02-27T15:30:00', '15:30:00', '15:30:00'),
(168, 'A0', NULL, 10, NULL, '2024-03-05T15:30:00', '15:30:00', '15:30:00'),
(169, 'A0', NULL, 10, '#8EACCD', '2024-03-12T15:30:00', '15:30:00', '15:30:00'),
(170, 'A0', NULL, 10, NULL, '2024-03-19T15:30:00', '15:30:00', '15:30:00'),
(171, 'A0', NULL, 10, '#8EACCD', '2024-03-26T15:30:00', '15:30:00', '15:30:00'),
(172, 'A0', NULL, 10, '#8EACCD', '2024-04-02T15:30:00', '15:30:00', '15:30:00'),
(173, 'A0', NULL, 10, NULL, '2024-04-09T15:30:00', '15:30:00', '15:30:00'),
(174, 'A0', NULL, 10, NULL, '2024-04-16T15:30:00', '15:30:00', '15:30:00'),
(175, 'A0', NULL, 10, NULL, '2024-04-23T15:30:00', '15:30:00', '15:30:00'),
(176, 'A0', NULL, 10, NULL, '2024-04-30T15:30:00', '15:30:00', '15:30:00'),
(177, 'A0', NULL, 10, NULL, '2024-05-07T15:30:00', '15:30:00', '15:30:00'),
(178, 'A0', NULL, 10, NULL, '2024-05-14T15:30:00', '15:30:00', '15:30:00'),
(179, 'A0', NULL, 10, '#CD8D7A', '2024-05-21T15:30:00', '15:30:00', '15:30:00'),
(180, 'A0', NULL, 10, '#CD8D7A', '2024-05-28T15:30:00', '15:30:00', '15:30:00'),
(181, 'A0', NULL, 10, '#CD8D7A', '2024-06-04T15:30:00', '15:30:00', '15:30:00'),
(182, 'A0', NULL, 11, NULL, '2024-02-07T08:30:00', '09:30:00', '08:30:00'),
(183, 'A0', NULL, 11, '#8EACCD', '2024-02-14T08:30:00', '09:30:00', '08:30:00'),
(184, 'A0', NULL, 11, NULL, '2024-02-21T08:30:00', '09:30:00', '08:30:00'),
(185, 'A0', NULL, 11, '#8EACCD', '2024-02-28T08:30:00', '09:30:00', '08:30:00'),
(186, 'A0', NULL, 11, NULL, '2024-03-06T08:30:00', '09:30:00', '08:30:00'),
(187, 'A0', NULL, 11, '#8EACCD', '2024-03-13T08:30:00', '09:30:00', '08:30:00'),
(188, 'A0', NULL, 11, NULL, '2024-03-20T08:30:00', '09:30:00', '08:30:00'),
(189, 'A0', NULL, 11, '#8EACCD', '2024-03-27T08:30:00', '09:30:00', '08:30:00'),
(190, 'A0', NULL, 11, '#8EACCD', '2024-04-03T08:30:00', '09:30:00', '08:30:00'),
(191, 'A0', NULL, 11, NULL, '2024-04-10T08:30:00', '09:30:00', '08:30:00'),
(192, 'A0', NULL, 11, NULL, '2024-04-17T08:30:00', '09:30:00', '08:30:00'),
(193, 'A0', NULL, 11, NULL, '2024-04-24T08:30:00', '09:30:00', '08:30:00'),
(194, 'A0', NULL, 11, NULL, '2024-05-01T08:30:00', '09:30:00', '08:30:00'),
(195, 'A0', NULL, 11, NULL, '2024-05-08T08:30:00', '09:30:00', '08:30:00'),
(196, 'A0', NULL, 11, NULL, '2024-05-15T08:30:00', '09:30:00', '08:30:00'),
(197, 'A0', NULL, 11, '#CD8D7A', '2024-05-22T08:30:00', '09:30:00', '08:30:00'),
(198, 'A0', NULL, 11, '#CD8D7A', '2024-05-29T08:30:00', '09:30:00', '08:30:00'),
(199, 'A0', NULL, 11, '#CD8D7A', '2024-06-05T08:30:00', '09:30:00', '08:30:00'),
(200, 'A0', NULL, 12, NULL, '2024-02-07T10:30:00', '10:30:00', '10:30:00'),
(201, 'A0', NULL, 12, '#8EACCD', '2024-02-14T10:30:00', '10:30:00', '10:30:00'),
(202, 'A0', NULL, 12, NULL, '2024-02-21T10:30:00', '10:30:00', '10:30:00'),
(203, 'A0', NULL, 12, '#8EACCD', '2024-02-28T10:30:00', '10:30:00', '10:30:00'),
(204, 'A0', NULL, 12, NULL, '2024-03-06T10:30:00', '10:30:00', '10:30:00'),
(205, 'A0', NULL, 12, '#8EACCD', '2024-03-13T10:30:00', '10:30:00', '10:30:00'),
(206, 'A0', NULL, 12, NULL, '2024-03-20T10:30:00', '10:30:00', '10:30:00'),
(207, 'A0', NULL, 12, '#8EACCD', '2024-03-27T10:30:00', '10:30:00', '10:30:00'),
(208, 'A0', NULL, 12, '#8EACCD', '2024-04-03T10:30:00', '10:30:00', '10:30:00'),
(209, 'A0', NULL, 12, NULL, '2024-04-10T10:30:00', '10:30:00', '10:30:00'),
(210, 'A0', NULL, 12, NULL, '2024-04-17T10:30:00', '10:30:00', '10:30:00'),
(211, 'A0', NULL, 12, NULL, '2024-04-24T10:30:00', '10:30:00', '10:30:00'),
(212, 'A0', NULL, 12, NULL, '2024-05-01T10:30:00', '10:30:00', '10:30:00'),
(213, 'A0', NULL, 12, NULL, '2024-05-08T10:30:00', '10:30:00', '10:30:00'),
(214, 'A0', NULL, 12, NULL, '2024-05-15T10:30:00', '10:30:00', '10:30:00'),
(215, 'A0', NULL, 12, '#CD8D7A', '2024-05-22T10:30:00', '10:30:00', '10:30:00'),
(216, 'A0', NULL, 12, '#CD8D7A', '2024-05-29T10:30:00', '10:30:00', '10:30:00'),
(217, 'A0', NULL, 12, '#CD8D7A', '2024-06-05T10:30:00', '10:30:00', '10:30:00'),
(218, 'A0', NULL, 13, NULL, '2024-02-07T12:30:00', '11:30:00', '12:30:00'),
(219, 'A0', NULL, 13, '#8EACCD', '2024-02-14T12:30:00', '11:30:00', '12:30:00'),
(220, 'A0', NULL, 13, NULL, '2024-02-21T12:30:00', '11:30:00', '12:30:00'),
(221, 'A0', NULL, 13, '#8EACCD', '2024-02-28T12:30:00', '11:30:00', '12:30:00'),
(222, 'A0', NULL, 13, NULL, '2024-03-06T12:30:00', '11:30:00', '12:30:00'),
(223, 'A0', NULL, 13, '#8EACCD', '2024-03-13T12:30:00', '11:30:00', '12:30:00'),
(224, 'A0', NULL, 13, NULL, '2024-03-20T12:30:00', '11:30:00', '12:30:00'),
(225, 'A0', NULL, 13, '#8EACCD', '2024-03-27T12:30:00', '11:30:00', '12:30:00'),
(226, 'A0', NULL, 13, '#8EACCD', '2024-04-03T12:30:00', '11:30:00', '12:30:00'),
(227, 'A0', NULL, 13, NULL, '2024-04-10T12:30:00', '11:30:00', '12:30:00'),
(228, 'A0', NULL, 13, NULL, '2024-04-17T12:30:00', '11:30:00', '12:30:00'),
(229, 'A0', NULL, 13, NULL, '2024-04-24T12:30:00', '11:30:00', '12:30:00'),
(230, 'A0', NULL, 13, NULL, '2024-05-01T12:30:00', '11:30:00', '12:30:00'),
(231, 'A0', NULL, 13, NULL, '2024-05-08T12:30:00', '11:30:00', '12:30:00'),
(232, 'A0', NULL, 13, NULL, '2024-05-15T12:30:00', '11:30:00', '12:30:00'),
(233, 'A0', NULL, 13, '#CD8D7A', '2024-05-22T12:30:00', '11:30:00', '12:30:00'),
(234, 'A0', NULL, 13, '#CD8D7A', '2024-05-29T12:30:00', '11:30:00', '12:30:00'),
(235, 'A0', NULL, 13, '#CD8D7A', '2024-06-05T12:30:00', '11:30:00', '12:30:00'),
(236, 'A0', NULL, 14, NULL, '2024-02-07T13:30:00', '14:30:00', '13:30:00'),
(237, 'A0', NULL, 14, '#8EACCD', '2024-02-14T13:30:00', '14:30:00', '13:30:00'),
(238, 'A0', NULL, 14, NULL, '2024-02-21T13:30:00', '14:30:00', '13:30:00'),
(239, 'A0', NULL, 14, '#8EACCD', '2024-02-28T13:30:00', '14:30:00', '13:30:00'),
(240, 'A0', NULL, 14, NULL, '2024-03-06T13:30:00', '14:30:00', '13:30:00'),
(241, 'A0', NULL, 14, '#8EACCD', '2024-03-13T13:30:00', '14:30:00', '13:30:00'),
(242, 'A0', NULL, 14, NULL, '2024-03-20T13:30:00', '14:30:00', '13:30:00'),
(243, 'A0', NULL, 14, '#8EACCD', '2024-03-27T13:30:00', '14:30:00', '13:30:00'),
(244, 'A0', NULL, 14, '#8EACCD', '2024-04-03T13:30:00', '14:30:00', '13:30:00'),
(245, 'A0', NULL, 14, NULL, '2024-04-10T13:30:00', '14:30:00', '13:30:00'),
(246, 'A0', NULL, 14, NULL, '2024-04-17T13:30:00', '14:30:00', '13:30:00'),
(247, 'A0', NULL, 14, NULL, '2024-04-24T13:30:00', '14:30:00', '13:30:00'),
(248, 'A0', NULL, 14, NULL, '2024-05-01T13:30:00', '14:30:00', '13:30:00'),
(249, 'A0', NULL, 14, NULL, '2024-05-08T13:30:00', '14:30:00', '13:30:00'),
(250, 'A0', NULL, 14, NULL, '2024-05-15T13:30:00', '14:30:00', '13:30:00'),
(251, 'A0', NULL, 14, '#CD8D7A', '2024-05-22T13:30:00', '14:30:00', '13:30:00'),
(252, 'A0', NULL, 14, '#CD8D7A', '2024-05-29T13:30:00', '14:30:00', '13:30:00'),
(253, 'A0', NULL, 14, '#CD8D7A', '2024-06-05T13:30:00', '14:30:00', '13:30:00'),
(254, 'A0', NULL, 15, NULL, '2024-02-07T15:30:00', '15:30:00', '15:30:00'),
(255, 'A0', NULL, 15, '#8EACCD', '2024-02-14T15:30:00', '15:30:00', '15:30:00'),
(256, 'A0', NULL, 15, NULL, '2024-02-21T15:30:00', '15:30:00', '15:30:00'),
(257, 'A0', NULL, 15, '#8EACCD', '2024-02-28T15:30:00', '15:30:00', '15:30:00'),
(258, 'A0', NULL, 15, NULL, '2024-03-06T15:30:00', '15:30:00', '15:30:00'),
(259, 'A0', NULL, 15, '#8EACCD', '2024-03-13T15:30:00', '15:30:00', '15:30:00'),
(260, 'A0', NULL, 15, NULL, '2024-03-20T15:30:00', '15:30:00', '15:30:00'),
(261, 'A0', NULL, 15, '#8EACCD', '2024-03-27T15:30:00', '15:30:00', '15:30:00'),
(262, 'A0', NULL, 15, '#8EACCD', '2024-04-03T15:30:00', '15:30:00', '15:30:00'),
(263, 'A0', NULL, 15, NULL, '2024-04-10T15:30:00', '15:30:00', '15:30:00'),
(264, 'A0', NULL, 15, NULL, '2024-04-17T15:30:00', '15:30:00', '15:30:00'),
(265, 'A0', NULL, 15, NULL, '2024-04-24T15:30:00', '15:30:00', '15:30:00'),
(266, 'A0', NULL, 15, NULL, '2024-05-01T15:30:00', '15:30:00', '15:30:00'),
(267, 'A0', NULL, 15, NULL, '2024-05-08T15:30:00', '15:30:00', '15:30:00'),
(268, 'A0', NULL, 15, NULL, '2024-05-15T15:30:00', '15:30:00', '15:30:00'),
(269, 'A0', NULL, 15, '#CD8D7A', '2024-05-22T15:30:00', '15:30:00', '15:30:00'),
(270, 'A0', NULL, 15, '#CD8D7A', '2024-05-29T15:30:00', '15:30:00', '15:30:00'),
(271, 'A0', NULL, 15, '#CD8D7A', '2024-06-05T15:30:00', '15:30:00', '15:30:00'),
(272, 'A0', NULL, 16, NULL, '2024-02-01T08:30:00', '09:30:00', '08:30:00'),
(273, 'A0', NULL, 16, '#8EACCD', '2024-02-08T08:30:00', '09:30:00', '08:30:00'),
(274, 'A0', NULL, 16, NULL, '2024-02-15T08:30:00', '09:30:00', '08:30:00'),
(275, 'A0', NULL, 16, '#8EACCD', '2024-02-22T08:30:00', '09:30:00', '08:30:00'),
(276, 'A0', NULL, 16, NULL, '2024-02-29T08:30:00', '09:30:00', '08:30:00'),
(277, 'A0', NULL, 16, '#8EACCD', '2024-03-07T08:30:00', '09:30:00', '08:30:00'),
(278, 'A0', NULL, 16, NULL, '2024-03-14T08:30:00', '09:30:00', '08:30:00'),
(279, 'A0', NULL, 16, '#8EACCD', '2024-03-21T08:30:00', '09:30:00', '08:30:00'),
(280, 'A0', NULL, 16, '#8EACCD', '2024-03-28T08:30:00', '09:30:00', '08:30:00'),
(281, 'A0', NULL, 16, NULL, '2024-04-04T08:30:00', '09:30:00', '08:30:00'),
(282, 'A0', NULL, 16, NULL, '2024-04-11T08:30:00', '09:30:00', '08:30:00'),
(283, 'A0', NULL, 16, NULL, '2024-04-18T08:30:00', '09:30:00', '08:30:00'),
(284, 'A0', NULL, 16, NULL, '2024-04-25T08:30:00', '09:30:00', '08:30:00'),
(285, 'A0', NULL, 16, NULL, '2024-05-02T08:30:00', '09:30:00', '08:30:00'),
(286, 'A0', NULL, 16, NULL, '2024-05-09T08:30:00', '09:30:00', '08:30:00'),
(287, 'A0', NULL, 16, '#CD8D7A', '2024-05-16T08:30:00', '09:30:00', '08:30:00'),
(288, 'A0', NULL, 16, '#CD8D7A', '2024-05-23T08:30:00', '09:30:00', '08:30:00'),
(289, 'A0', NULL, 16, '#CD8D7A', '2024-05-30T08:30:00', '09:30:00', '08:30:00'),
(290, 'A0', NULL, 17, NULL, '2024-02-01T10:30:00', '10:30:00', '10:30:00'),
(291, 'A0', NULL, 17, '#8EACCD', '2024-02-08T10:30:00', '10:30:00', '10:30:00'),
(292, 'A0', NULL, 17, NULL, '2024-02-15T10:30:00', '10:30:00', '10:30:00'),
(293, 'A0', NULL, 17, '#8EACCD', '2024-02-22T10:30:00', '10:30:00', '10:30:00'),
(294, 'A0', NULL, 17, NULL, '2024-02-29T10:30:00', '10:30:00', '10:30:00'),
(295, 'A0', NULL, 17, '#8EACCD', '2024-03-07T10:30:00', '10:30:00', '10:30:00'),
(296, 'A0', NULL, 17, NULL, '2024-03-14T10:30:00', '10:30:00', '10:30:00'),
(297, 'A0', NULL, 17, '#8EACCD', '2024-03-21T10:30:00', '10:30:00', '10:30:00'),
(298, 'A0', NULL, 17, '#8EACCD', '2024-03-28T10:30:00', '10:30:00', '10:30:00'),
(299, 'A0', NULL, 17, NULL, '2024-04-04T10:30:00', '10:30:00', '10:30:00'),
(300, 'A0', NULL, 17, NULL, '2024-04-11T10:30:00', '10:30:00', '10:30:00'),
(301, 'A0', NULL, 17, NULL, '2024-04-18T10:30:00', '10:30:00', '10:30:00'),
(302, 'A0', NULL, 17, NULL, '2024-04-25T10:30:00', '10:30:00', '10:30:00'),
(303, 'A0', NULL, 17, NULL, '2024-05-02T10:30:00', '10:30:00', '10:30:00'),
(304, 'A0', NULL, 17, NULL, '2024-05-09T10:30:00', '10:30:00', '10:30:00'),
(305, 'A0', NULL, 17, '#CD8D7A', '2024-05-16T10:30:00', '10:30:00', '10:30:00'),
(306, 'A0', NULL, 17, '#CD8D7A', '2024-05-23T10:30:00', '10:30:00', '10:30:00'),
(307, 'A0', NULL, 17, '#CD8D7A', '2024-05-30T10:30:00', '10:30:00', '10:30:00'),
(308, 'A0', NULL, 18, NULL, '2024-02-01T12:30:00', '11:30:00', '12:30:00'),
(309, 'A0', NULL, 18, '#8EACCD', '2024-02-08T12:30:00', '11:30:00', '12:30:00'),
(310, 'A0', NULL, 18, NULL, '2024-02-15T12:30:00', '11:30:00', '12:30:00'),
(311, 'A0', NULL, 18, '#8EACCD', '2024-02-22T12:30:00', '11:30:00', '12:30:00'),
(312, 'A0', NULL, 18, NULL, '2024-02-29T12:30:00', '11:30:00', '12:30:00'),
(313, 'A0', NULL, 18, '#8EACCD', '2024-03-07T12:30:00', '11:30:00', '12:30:00'),
(314, 'A0', NULL, 18, NULL, '2024-03-14T12:30:00', '11:30:00', '12:30:00'),
(315, 'A0', NULL, 18, '#8EACCD', '2024-03-21T12:30:00', '11:30:00', '12:30:00'),
(316, 'A0', NULL, 18, '#8EACCD', '2024-03-28T12:30:00', '11:30:00', '12:30:00'),
(317, 'A0', NULL, 18, NULL, '2024-04-04T12:30:00', '11:30:00', '12:30:00'),
(318, 'A0', NULL, 18, NULL, '2024-04-11T12:30:00', '11:30:00', '12:30:00'),
(319, 'A0', NULL, 18, NULL, '2024-04-18T12:30:00', '11:30:00', '12:30:00'),
(320, 'A0', NULL, 18, NULL, '2024-04-25T12:30:00', '11:30:00', '12:30:00'),
(321, 'A0', NULL, 18, NULL, '2024-05-02T12:30:00', '11:30:00', '12:30:00'),
(322, 'A0', NULL, 18, NULL, '2024-05-09T12:30:00', '11:30:00', '12:30:00'),
(323, 'A0', NULL, 18, '#CD8D7A', '2024-05-16T12:30:00', '11:30:00', '12:30:00'),
(324, 'A0', NULL, 18, '#CD8D7A', '2024-05-23T12:30:00', '11:30:00', '12:30:00'),
(325, 'A0', NULL, 18, '#CD8D7A', '2024-05-30T12:30:00', '11:30:00', '12:30:00'),
(326, 'A0', NULL, 19, NULL, '2024-02-01T13:30:00', '14:30:00', '13:30:00'),
(327, 'A0', NULL, 19, '#8EACCD', '2024-02-08T13:30:00', '14:30:00', '13:30:00'),
(328, 'A0', NULL, 19, NULL, '2024-02-15T13:30:00', '14:30:00', '13:30:00'),
(329, 'A0', NULL, 19, '#8EACCD', '2024-02-22T13:30:00', '14:30:00', '13:30:00'),
(330, 'A0', NULL, 19, NULL, '2024-02-29T13:30:00', '14:30:00', '13:30:00'),
(331, 'A0', NULL, 19, '#8EACCD', '2024-03-07T13:30:00', '14:30:00', '13:30:00'),
(332, 'A0', NULL, 19, NULL, '2024-03-14T13:30:00', '14:30:00', '13:30:00'),
(333, 'A0', NULL, 19, '#8EACCD', '2024-03-21T13:30:00', '14:30:00', '13:30:00'),
(334, 'A0', NULL, 19, '#8EACCD', '2024-03-28T13:30:00', '14:30:00', '13:30:00'),
(335, 'A0', NULL, 19, NULL, '2024-04-04T13:30:00', '14:30:00', '13:30:00'),
(336, 'A0', NULL, 19, NULL, '2024-04-11T13:30:00', '14:30:00', '13:30:00'),
(337, 'A0', NULL, 19, NULL, '2024-04-18T13:30:00', '14:30:00', '13:30:00'),
(338, 'A0', NULL, 19, NULL, '2024-04-25T13:30:00', '14:30:00', '13:30:00'),
(339, 'A0', NULL, 19, NULL, '2024-05-02T13:30:00', '14:30:00', '13:30:00'),
(340, 'A0', NULL, 19, NULL, '2024-05-09T13:30:00', '14:30:00', '13:30:00'),
(341, 'A0', NULL, 19, '#CD8D7A', '2024-05-16T13:30:00', '14:30:00', '13:30:00'),
(342, 'A0', NULL, 19, '#CD8D7A', '2024-05-23T13:30:00', '14:30:00', '13:30:00'),
(343, 'A0', NULL, 19, '#CD8D7A', '2024-05-30T13:30:00', '14:30:00', '13:30:00'),
(344, 'A0', NULL, 21, NULL, '2024-02-01T15:30:00', '15:30:00', '15:30:00'),
(345, 'A0', NULL, 21, '#8EACCD', '2024-02-08T15:30:00', '15:30:00', '15:30:00'),
(346, 'A0', NULL, 21, NULL, '2024-02-15T15:30:00', '15:30:00', '15:30:00'),
(347, 'A0', NULL, 21, '#8EACCD', '2024-02-22T15:30:00', '15:30:00', '15:30:00'),
(348, 'A0', NULL, 21, NULL, '2024-02-29T15:30:00', '15:30:00', '15:30:00'),
(349, 'A0', NULL, 21, '#8EACCD', '2024-03-07T15:30:00', '15:30:00', '15:30:00'),
(350, 'A0', NULL, 21, NULL, '2024-03-14T15:30:00', '15:30:00', '15:30:00'),
(351, 'A0', NULL, 21, '#8EACCD', '2024-03-21T15:30:00', '15:30:00', '15:30:00'),
(352, 'A0', NULL, 21, '#8EACCD', '2024-03-28T15:30:00', '15:30:00', '15:30:00'),
(353, 'A0', NULL, 21, NULL, '2024-04-04T15:30:00', '15:30:00', '15:30:00'),
(354, 'A0', NULL, 21, NULL, '2024-04-11T15:30:00', '15:30:00', '15:30:00'),
(355, 'A0', NULL, 21, NULL, '2024-04-18T15:30:00', '15:30:00', '15:30:00'),
(356, 'A0', NULL, 21, NULL, '2024-04-25T15:30:00', '15:30:00', '15:30:00'),
(357, 'A0', NULL, 21, NULL, '2024-05-02T15:30:00', '15:30:00', '15:30:00'),
(358, 'A0', NULL, 21, NULL, '2024-05-09T15:30:00', '15:30:00', '15:30:00'),
(359, 'A0', NULL, 21, '#CD8D7A', '2024-05-16T15:30:00', '15:30:00', '15:30:00'),
(360, 'A0', NULL, 21, '#CD8D7A', '2024-05-23T15:30:00', '15:30:00', '15:30:00'),
(361, 'A0', NULL, 21, '#CD8D7A', '2024-05-30T15:30:00', '15:30:00', '15:30:00'),
(362, 'A0', NULL, 22, NULL, '2024-02-02T08:30:00', '09:30:00', '08:30:00'),
(363, 'A0', NULL, 22, '#8EACCD', '2024-02-09T08:30:00', '09:30:00', '08:30:00'),
(364, 'A0', NULL, 22, NULL, '2024-02-16T08:30:00', '09:30:00', '08:30:00'),
(365, 'A0', NULL, 22, '#8EACCD', '2024-02-23T08:30:00', '09:30:00', '08:30:00'),
(366, 'A0', NULL, 22, NULL, '2024-03-01T08:30:00', '09:30:00', '08:30:00'),
(367, 'A0', NULL, 22, '#8EACCD', '2024-03-08T08:30:00', '09:30:00', '08:30:00'),
(368, 'A0', NULL, 22, NULL, '2024-03-15T08:30:00', '09:30:00', '08:30:00'),
(369, 'A0', NULL, 22, '#8EACCD', '2024-03-22T08:30:00', '09:30:00', '08:30:00'),
(370, 'A0', NULL, 22, '#8EACCD', '2024-03-29T08:30:00', '09:30:00', '08:30:00'),
(371, 'A0', NULL, 22, NULL, '2024-04-05T08:30:00', '09:30:00', '08:30:00'),
(372, 'A0', NULL, 22, NULL, '2024-04-12T08:30:00', '09:30:00', '08:30:00'),
(373, 'A0', NULL, 22, NULL, '2024-04-19T08:30:00', '09:30:00', '08:30:00'),
(374, 'A0', NULL, 22, NULL, '2024-04-26T08:30:00', '09:30:00', '08:30:00'),
(375, 'A0', NULL, 22, NULL, '2024-05-03T08:30:00', '09:30:00', '08:30:00'),
(376, 'A0', NULL, 22, NULL, '2024-05-10T08:30:00', '09:30:00', '08:30:00'),
(377, 'A0', NULL, 22, '#CD8D7A', '2024-05-17T08:30:00', '09:30:00', '08:30:00'),
(378, 'A0', NULL, 22, '#CD8D7A', '2024-05-24T08:30:00', '09:30:00', '08:30:00'),
(379, 'A0', NULL, 22, '#CD8D7A', '2024-05-31T08:30:00', '09:30:00', '08:30:00'),
(380, 'A0', NULL, 24, NULL, '2024-02-02T10:30:00', '10:30:00', '10:30:00'),
(381, 'A0', NULL, 24, '#8EACCD', '2024-02-09T10:30:00', '10:30:00', '10:30:00'),
(382, 'A0', NULL, 24, NULL, '2024-02-16T10:30:00', '10:30:00', '10:30:00'),
(383, 'A0', NULL, 24, '#8EACCD', '2024-02-23T10:30:00', '10:30:00', '10:30:00'),
(384, 'A0', NULL, 24, NULL, '2024-03-01T10:30:00', '10:30:00', '10:30:00'),
(385, 'A0', NULL, 24, '#8EACCD', '2024-03-08T10:30:00', '10:30:00', '10:30:00'),
(386, 'A0', NULL, 24, NULL, '2024-03-15T10:30:00', '10:30:00', '10:30:00'),
(387, 'A0', NULL, 24, '#8EACCD', '2024-03-22T10:30:00', '10:30:00', '10:30:00'),
(388, 'A0', NULL, 24, '#8EACCD', '2024-03-29T10:30:00', '10:30:00', '10:30:00'),
(389, 'A0', NULL, 24, NULL, '2024-04-05T10:30:00', '10:30:00', '10:30:00'),
(390, 'A0', NULL, 24, NULL, '2024-04-12T10:30:00', '10:30:00', '10:30:00'),
(391, 'A0', NULL, 24, NULL, '2024-04-19T10:30:00', '10:30:00', '10:30:00'),
(392, 'A0', NULL, 24, NULL, '2024-04-26T10:30:00', '10:30:00', '10:30:00'),
(393, 'A0', NULL, 24, NULL, '2024-05-03T10:30:00', '10:30:00', '10:30:00'),
(394, 'A0', NULL, 24, NULL, '2024-05-10T10:30:00', '10:30:00', '10:30:00'),
(395, 'A0', NULL, 24, '#CD8D7A', '2024-05-17T10:30:00', '10:30:00', '10:30:00'),
(396, 'A0', NULL, 24, '#CD8D7A', '2024-05-24T10:30:00', '10:30:00', '10:30:00'),
(397, 'A0', NULL, 24, '#CD8D7A', '2024-05-31T10:30:00', '10:30:00', '10:30:00'),
(398, 'A0', NULL, 25, NULL, '2024-02-02T12:30:00', '11:30:00', '12:30:00'),
(399, 'A0', NULL, 25, '#8EACCD', '2024-02-09T12:30:00', '11:30:00', '12:30:00'),
(400, 'A0', NULL, 25, NULL, '2024-02-16T12:30:00', '11:30:00', '12:30:00'),
(401, 'A0', NULL, 25, '#8EACCD', '2024-02-23T12:30:00', '11:30:00', '12:30:00'),
(402, 'A0', NULL, 25, NULL, '2024-03-01T12:30:00', '11:30:00', '12:30:00'),
(403, 'A0', NULL, 25, '#8EACCD', '2024-03-08T12:30:00', '11:30:00', '12:30:00'),
(404, 'A0', NULL, 25, NULL, '2024-03-15T12:30:00', '11:30:00', '12:30:00'),
(405, 'A0', NULL, 25, '#8EACCD', '2024-03-22T12:30:00', '11:30:00', '12:30:00'),
(406, 'A0', NULL, 25, '#8EACCD', '2024-03-29T12:30:00', '11:30:00', '12:30:00'),
(407, 'A0', NULL, 25, NULL, '2024-04-05T12:30:00', '11:30:00', '12:30:00'),
(408, 'A0', NULL, 25, NULL, '2024-04-12T12:30:00', '11:30:00', '12:30:00'),
(409, 'A0', NULL, 25, NULL, '2024-04-19T12:30:00', '11:30:00', '12:30:00'),
(410, 'A0', NULL, 25, NULL, '2024-04-26T12:30:00', '11:30:00', '12:30:00'),
(411, 'A0', NULL, 25, NULL, '2024-05-03T12:30:00', '11:30:00', '12:30:00'),
(412, 'A0', NULL, 25, NULL, '2024-05-10T12:30:00', '11:30:00', '12:30:00'),
(413, 'A0', NULL, 25, '#CD8D7A', '2024-05-17T12:30:00', '11:30:00', '12:30:00'),
(414, 'A0', NULL, 25, '#CD8D7A', '2024-05-24T12:30:00', '11:30:00', '12:30:00'),
(415, 'A0', NULL, 25, '#CD8D7A', '2024-05-31T12:30:00', '11:30:00', '12:30:00'),
(416, 'A0', NULL, 26, NULL, '2024-02-02T14:30:00', '15:30:00', '14:30:00'),
(417, 'A0', NULL, 26, '#8EACCD', '2024-02-09T14:30:00', '15:30:00', '14:30:00'),
(418, 'A0', NULL, 26, NULL, '2024-02-16T14:30:00', '15:30:00', '14:30:00'),
(419, 'A0', NULL, 26, '#8EACCD', '2024-02-23T14:30:00', '15:30:00', '14:30:00'),
(420, 'A0', NULL, 26, NULL, '2024-03-01T14:30:00', '15:30:00', '14:30:00'),
(421, 'A0', NULL, 26, '#8EACCD', '2024-03-08T14:30:00', '15:30:00', '14:30:00'),
(422, 'A0', NULL, 26, NULL, '2024-03-15T14:30:00', '15:30:00', '14:30:00'),
(423, 'A0', NULL, 26, '#8EACCD', '2024-03-22T14:30:00', '15:30:00', '14:30:00'),
(424, 'A0', NULL, 26, '#8EACCD', '2024-03-29T14:30:00', '15:30:00', '14:30:00'),
(425, 'A0', NULL, 26, NULL, '2024-04-05T14:30:00', '15:30:00', '14:30:00'),
(426, 'A0', NULL, 26, NULL, '2024-04-12T14:30:00', '15:30:00', '14:30:00'),
(427, 'A0', NULL, 26, NULL, '2024-04-19T14:30:00', '15:30:00', '14:30:00'),
(428, 'A0', NULL, 26, NULL, '2024-04-26T14:30:00', '15:30:00', '14:30:00'),
(429, 'A0', NULL, 26, NULL, '2024-05-03T14:30:00', '15:30:00', '14:30:00'),
(430, 'A0', NULL, 26, NULL, '2024-05-10T14:30:00', '15:30:00', '14:30:00'),
(431, 'A0', NULL, 26, '#CD8D7A', '2024-05-17T14:30:00', '15:30:00', '14:30:00'),
(432, 'A0', NULL, 26, '#CD8D7A', '2024-05-24T14:30:00', '15:30:00', '14:30:00'),
(433, 'A0', NULL, 26, '#CD8D7A', '2024-05-31T14:30:00', '15:30:00', '14:30:00'),
(434, 'A0', NULL, 27, NULL, '2024-02-02T16:30:00', '16:30:00', '16:30:00'),
(435, 'A0', NULL, 27, '#8EACCD', '2024-02-09T16:30:00', '16:30:00', '16:30:00'),
(436, 'A0', NULL, 27, NULL, '2024-02-16T16:30:00', '16:30:00', '16:30:00'),
(437, 'A0', NULL, 27, '#8EACCD', '2024-02-23T16:30:00', '16:30:00', '16:30:00'),
(438, 'A0', NULL, 27, NULL, '2024-03-01T16:30:00', '16:30:00', '16:30:00'),
(439, 'A0', NULL, 27, '#8EACCD', '2024-03-08T16:30:00', '16:30:00', '16:30:00'),
(440, 'A0', NULL, 27, NULL, '2024-03-15T16:30:00', '16:30:00', '16:30:00'),
(441, 'A0', NULL, 27, '#8EACCD', '2024-03-22T16:30:00', '16:30:00', '16:30:00'),
(442, 'A0', NULL, 27, '#8EACCD', '2024-03-29T16:30:00', '16:30:00', '16:30:00'),
(443, 'A0', NULL, 27, NULL, '2024-04-05T16:30:00', '16:30:00', '16:30:00'),
(444, 'A0', NULL, 27, NULL, '2024-04-12T16:30:00', '16:30:00', '16:30:00'),
(445, 'A0', NULL, 27, NULL, '2024-04-19T16:30:00', '16:30:00', '16:30:00'),
(446, 'A0', NULL, 27, NULL, '2024-04-26T16:30:00', '16:30:00', '16:30:00'),
(447, 'A0', NULL, 27, NULL, '2024-05-03T16:30:00', '16:30:00', '16:30:00'),
(448, 'A0', NULL, 27, NULL, '2024-05-10T16:30:00', '16:30:00', '16:30:00'),
(449, 'A0', NULL, 27, '#CD8D7A', '2024-05-17T16:30:00', '16:30:00', '16:30:00'),
(450, 'A0', NULL, 27, '#CD8D7A', '2024-05-24T16:30:00', '16:30:00', '16:30:00'),
(451, 'A0', NULL, 27, '#CD8D7A', '2024-05-31T16:30:00', '16:30:00', '16:30:00'),
(452, 'B0', NULL, 28, NULL, '2024-02-05T08:30:00', '09:30:00', '08:30:00'),
(453, 'B0', NULL, 28, '#8EACCD', '2024-02-12T08:30:00', '09:30:00', '08:30:00'),
(454, 'B0', NULL, 28, NULL, '2024-02-19T08:30:00', '09:30:00', '08:30:00'),
(455, 'B0', NULL, 28, '#8EACCD', '2024-02-26T08:30:00', '09:30:00', '08:30:00'),
(456, 'B0', NULL, 28, NULL, '2024-03-04T08:30:00', '09:30:00', '08:30:00'),
(457, 'B0', NULL, 28, '#8EACCD', '2024-03-11T08:30:00', '09:30:00', '08:30:00'),
(458, 'B0', NULL, 28, NULL, '2024-03-18T08:30:00', '09:30:00', '08:30:00'),
(459, 'B0', NULL, 28, '#8EACCD', '2024-03-25T08:30:00', '09:30:00', '08:30:00'),
(460, 'B0', NULL, 28, '#8EACCD', '2024-04-01T08:30:00', '09:30:00', '08:30:00'),
(461, 'B0', NULL, 28, NULL, '2024-04-08T08:30:00', '09:30:00', '08:30:00'),
(462, 'B0', NULL, 28, NULL, '2024-04-15T08:30:00', '09:30:00', '08:30:00'),
(463, 'B0', NULL, 28, NULL, '2024-04-22T08:30:00', '09:30:00', '08:30:00'),
(464, 'B0', NULL, 28, NULL, '2024-04-29T08:30:00', '09:30:00', '08:30:00'),
(465, 'B0', NULL, 28, NULL, '2024-05-06T08:30:00', '09:30:00', '08:30:00'),
(466, 'B0', NULL, 28, NULL, '2024-05-13T08:30:00', '09:30:00', '08:30:00'),
(467, 'B0', NULL, 28, '#CD8D7A', '2024-05-20T08:30:00', '09:30:00', '08:30:00'),
(468, 'B0', NULL, 28, '#CD8D7A', '2024-05-27T08:30:00', '09:30:00', '08:30:00'),
(469, 'B0', NULL, 28, '#CD8D7A', '2024-06-03T08:30:00', '09:30:00', '08:30:00'),
(470, 'B0', NULL, 29, NULL, '2024-02-05T12:30:00', '11:30:00', '12:30:00'),
(471, 'B0', NULL, 29, '#8EACCD', '2024-02-12T12:30:00', '11:30:00', '12:30:00'),
(472, 'B0', NULL, 29, NULL, '2024-02-19T12:30:00', '11:30:00', '12:30:00'),
(473, 'B0', NULL, 29, '#8EACCD', '2024-02-26T12:30:00', '11:30:00', '12:30:00'),
(474, 'B0', NULL, 29, NULL, '2024-03-04T12:30:00', '11:30:00', '12:30:00'),
(475, 'B0', NULL, 29, '#8EACCD', '2024-03-11T12:30:00', '11:30:00', '12:30:00'),
(476, 'B0', NULL, 29, NULL, '2024-03-18T12:30:00', '11:30:00', '12:30:00'),
(477, 'B0', NULL, 29, '#8EACCD', '2024-03-25T12:30:00', '11:30:00', '12:30:00'),
(478, 'B0', NULL, 29, '#8EACCD', '2024-04-01T12:30:00', '11:30:00', '12:30:00'),
(479, 'B0', NULL, 29, NULL, '2024-04-08T12:30:00', '11:30:00', '12:30:00'),
(480, 'B0', NULL, 29, NULL, '2024-04-15T12:30:00', '11:30:00', '12:30:00'),
(481, 'B0', NULL, 29, NULL, '2024-04-22T12:30:00', '11:30:00', '12:30:00'),
(482, 'B0', NULL, 29, NULL, '2024-04-29T12:30:00', '11:30:00', '12:30:00'),
(483, 'B0', NULL, 29, NULL, '2024-05-06T12:30:00', '11:30:00', '12:30:00'),
(484, 'B0', NULL, 29, NULL, '2024-05-13T12:30:00', '11:30:00', '12:30:00'),
(485, 'B0', NULL, 29, '#CD8D7A', '2024-05-20T12:30:00', '11:30:00', '12:30:00'),
(486, 'B0', NULL, 29, '#CD8D7A', '2024-05-27T12:30:00', '11:30:00', '12:30:00'),
(487, 'B0', NULL, 29, '#CD8D7A', '2024-06-03T12:30:00', '11:30:00', '12:30:00'),
(488, 'B0', NULL, 30, NULL, '2024-02-05T10:30:00', '10:30:00', '10:30:00'),
(489, 'B0', NULL, 30, '#8EACCD', '2024-02-12T10:30:00', '10:30:00', '10:30:00'),
(490, 'B0', NULL, 30, NULL, '2024-02-19T10:30:00', '10:30:00', '10:30:00'),
(491, 'B0', NULL, 30, '#8EACCD', '2024-02-26T10:30:00', '10:30:00', '10:30:00'),
(492, 'B0', NULL, 30, NULL, '2024-03-04T10:30:00', '10:30:00', '10:30:00'),
(493, 'B0', NULL, 30, '#8EACCD', '2024-03-11T10:30:00', '10:30:00', '10:30:00'),
(494, 'B0', NULL, 30, NULL, '2024-03-18T10:30:00', '10:30:00', '10:30:00'),
(495, 'B0', NULL, 30, '#8EACCD', '2024-03-25T10:30:00', '10:30:00', '10:30:00'),
(496, 'B0', NULL, 30, '#8EACCD', '2024-04-01T10:30:00', '10:30:00', '10:30:00'),
(497, 'B0', NULL, 30, NULL, '2024-04-08T10:30:00', '10:30:00', '10:30:00'),
(498, 'B0', NULL, 30, NULL, '2024-04-15T10:30:00', '10:30:00', '10:30:00'),
(499, 'B0', NULL, 30, NULL, '2024-04-22T10:30:00', '10:30:00', '10:30:00'),
(500, 'B0', NULL, 30, NULL, '2024-04-29T10:30:00', '10:30:00', '10:30:00'),
(501, 'B0', NULL, 30, NULL, '2024-05-06T10:30:00', '10:30:00', '10:30:00'),
(502, 'B0', NULL, 30, NULL, '2024-05-13T10:30:00', '10:30:00', '10:30:00'),
(503, 'B0', NULL, 30, '#CD8D7A', '2024-05-20T10:30:00', '10:30:00', '10:30:00'),
(504, 'B0', NULL, 30, '#CD8D7A', '2024-05-27T10:30:00', '10:30:00', '10:30:00'),
(505, 'B0', NULL, 30, '#CD8D7A', '2024-06-03T10:30:00', '10:30:00', '10:30:00'),
(506, 'B0', NULL, 31, NULL, '2024-02-05T13:30:00', '14:30:00', '13:30:00'),
(507, 'B0', NULL, 31, '#8EACCD', '2024-02-12T13:30:00', '14:30:00', '13:30:00'),
(508, 'B0', NULL, 31, NULL, '2024-02-19T13:30:00', '14:30:00', '13:30:00'),
(509, 'B0', NULL, 31, '#8EACCD', '2024-02-26T13:30:00', '14:30:00', '13:30:00'),
(510, 'B0', NULL, 31, NULL, '2024-03-04T13:30:00', '14:30:00', '13:30:00'),
(511, 'B0', NULL, 31, '#8EACCD', '2024-03-11T13:30:00', '14:30:00', '13:30:00'),
(512, 'B0', NULL, 31, NULL, '2024-03-18T13:30:00', '14:30:00', '13:30:00'),
(513, 'B0', NULL, 31, '#8EACCD', '2024-03-25T13:30:00', '14:30:00', '13:30:00'),
(514, 'B0', NULL, 31, '#8EACCD', '2024-04-01T13:30:00', '14:30:00', '13:30:00'),
(515, 'B0', NULL, 31, NULL, '2024-04-08T13:30:00', '14:30:00', '13:30:00'),
(516, 'B0', NULL, 31, NULL, '2024-04-15T13:30:00', '14:30:00', '13:30:00'),
(517, 'B0', NULL, 31, NULL, '2024-04-22T13:30:00', '14:30:00', '13:30:00'),
(518, 'B0', NULL, 31, NULL, '2024-04-29T13:30:00', '14:30:00', '13:30:00'),
(519, 'B0', NULL, 31, NULL, '2024-05-06T13:30:00', '14:30:00', '13:30:00'),
(520, 'B0', NULL, 31, NULL, '2024-05-13T13:30:00', '14:30:00', '13:30:00'),
(521, 'B0', NULL, 31, '#CD8D7A', '2024-05-20T13:30:00', '14:30:00', '13:30:00'),
(522, 'B0', NULL, 31, '#CD8D7A', '2024-05-27T13:30:00', '14:30:00', '13:30:00'),
(523, 'B0', NULL, 31, '#CD8D7A', '2024-06-03T13:30:00', '14:30:00', '13:30:00');

--
-- Index pour les tables déchargées
--

--
-- Index pour la table `affectation_module_groupe_teacher`
--
ALTER TABLE `affectation_module_groupe_teacher`
  ADD PRIMARY KEY (`id`),
  ADD KEY `FK7uh73vmhtsfonfgrln4f6c1ss` (`enseignant_id`),
  ADD KEY `FK5q43vr80v8a6idb81vp1l48w5` (`groupe_id`),
  ADD KEY `FKlht7chp1lfcnqjs0ujg6avujb` (`module_id`);

--
-- Index pour la table `classe`
--
ALTER TABLE `classe`
  ADD PRIMARY KEY (`id`),
  ADD KEY `FK5dlr7nj4ia58qex7s483y59l6` (`filiere_id`),
  ADD KEY `FKe7oa3v31ke22q1myu5slka3sn` (`semestre_id`);

--
-- Index pour la table `criteria`
--
ALTER TABLE `criteria`
  ADD PRIMARY KEY (`id`),
  ADD KEY `FK4n5r9qlha22r1hk82ntl07rqu` (`etudiant_id`);

--
-- Index pour la table `filiere`
--
ALTER TABLE `filiere`
  ADD PRIMARY KEY (`id`);

--
-- Index pour la table `groupe`
--
ALTER TABLE `groupe`
  ADD PRIMARY KEY (`id`),
  ADD KEY `FKe2tx74u36ftkwm8kkcyoya51w` (`classe_id`);

--
-- Index pour la table `module`
--
ALTER TABLE `module`
  ADD PRIMARY KEY (`id`),
  ADD KEY `FKjqbmwfl75ck7wgjg0455r0wia` (`classe_id`),
  ADD KEY `FKnwa6b5dj22vyr1tcfrxx8736b` (`enseignant_id`),
  ADD KEY `FKkdtdv1a9pmrxwwv3cf6thgpv3` (`filiere_id`);

--
-- Index pour la table `non_disponibilite`
--
ALTER TABLE `non_disponibilite`
  ADD PRIMARY KEY (`id`),
  ADD KEY `FKlsms01hf9pkw9slehf5o10q8v` (`enseignant_id`);

--
-- Index pour la table `person`
--
ALTER TABLE `person`
  ADD PRIMARY KEY (`id`),
  ADD UNIQUE KEY `UK_fwmwi44u55bo4rvwsv0cln012` (`email`),
  ADD UNIQUE KEY `UK_3tnwg2lomhbqckauuc1997bx7` (`login`),
  ADD KEY `FKrgn11m7897xqhfeo5ywtsssy4` (`classe_id`),
  ADD KEY `FK7b0yqwhuqerskhk65c3sn8x9c` (`groupe_id`);

--
-- Index pour la table `salle`
--
ALTER TABLE `salle`
  ADD PRIMARY KEY (`id`);

--
-- Index pour la table `semestre`
--
ALTER TABLE `semestre`
  ADD PRIMARY KEY (`id`);

--
-- Index pour la table `session`
--
ALTER TABLE `session`
  ADD PRIMARY KEY (`id`),
  ADD KEY `FK11l9978e5j23gjytqhgwlqb0g` (`enseignant_id`),
  ADD KEY `FKjkchx9jq1p80gqt6kbgbhwa00` (`etudiant_id`),
  ADD KEY `FK7vcm9xoec4eqifbkryow1dv1y` (`module_id`);

--
-- Index pour la table `timeslot_module_salle`
--
ALTER TABLE `timeslot_module_salle`
  ADD PRIMARY KEY (`id`),
  ADD KEY `FKtk5g5pyfdkgvhshcmqgek2syh` (`module_id`);

--
-- AUTO_INCREMENT pour les tables déchargées
--

--
-- AUTO_INCREMENT pour la table `affectation_module_groupe_teacher`
--
ALTER TABLE `affectation_module_groupe_teacher`
  MODIFY `id` bigint(20) NOT NULL AUTO_INCREMENT, AUTO_INCREMENT=4;

--
-- AUTO_INCREMENT pour la table `classe`
--
ALTER TABLE `classe`
  MODIFY `id` bigint(20) NOT NULL AUTO_INCREMENT, AUTO_INCREMENT=9;

--
-- AUTO_INCREMENT pour la table `criteria`
--
ALTER TABLE `criteria`
  MODIFY `id` bigint(20) NOT NULL AUTO_INCREMENT, AUTO_INCREMENT=4;

--
-- AUTO_INCREMENT pour la table `filiere`
--
ALTER TABLE `filiere`
  MODIFY `id` bigint(20) NOT NULL AUTO_INCREMENT, AUTO_INCREMENT=4;

--
-- AUTO_INCREMENT pour la table `groupe`
--
ALTER TABLE `groupe`
  MODIFY `id` bigint(20) NOT NULL AUTO_INCREMENT, AUTO_INCREMENT=13;

--
-- AUTO_INCREMENT pour la table `module`
--
ALTER TABLE `module`
  MODIFY `id` bigint(20) NOT NULL AUTO_INCREMENT, AUTO_INCREMENT=32;

--
-- AUTO_INCREMENT pour la table `non_disponibilite`
--
ALTER TABLE `non_disponibilite`
  MODIFY `id` bigint(20) NOT NULL AUTO_INCREMENT;

--
-- AUTO_INCREMENT pour la table `person`
--
ALTER TABLE `person`
  MODIFY `id` bigint(20) NOT NULL AUTO_INCREMENT, AUTO_INCREMENT=31;

--
-- AUTO_INCREMENT pour la table `salle`
--
ALTER TABLE `salle`
  MODIFY `id` bigint(20) NOT NULL AUTO_INCREMENT, AUTO_INCREMENT=4;

--
-- AUTO_INCREMENT pour la table `semestre`
--
ALTER TABLE `semestre`
  MODIFY `id` bigint(20) NOT NULL AUTO_INCREMENT;

--
-- AUTO_INCREMENT pour la table `session`
--
ALTER TABLE `session`
  MODIFY `id` bigint(20) NOT NULL AUTO_INCREMENT, AUTO_INCREMENT=32;

--
-- AUTO_INCREMENT pour la table `timeslot_module_salle`
--
ALTER TABLE `timeslot_module_salle`
  MODIFY `id` bigint(20) NOT NULL AUTO_INCREMENT, AUTO_INCREMENT=524;

--
-- Contraintes pour les tables déchargées
--

--
-- Contraintes pour la table `affectation_module_groupe_teacher`
--
ALTER TABLE `affectation_module_groupe_teacher`
  ADD CONSTRAINT `FK5q43vr80v8a6idb81vp1l48w5` FOREIGN KEY (`groupe_id`) REFERENCES `groupe` (`id`),
  ADD CONSTRAINT `FK7uh73vmhtsfonfgrln4f6c1ss` FOREIGN KEY (`enseignant_id`) REFERENCES `person` (`id`),
  ADD CONSTRAINT `FKlht7chp1lfcnqjs0ujg6avujb` FOREIGN KEY (`module_id`) REFERENCES `module` (`id`);

--
-- Contraintes pour la table `classe`
--
ALTER TABLE `classe`
  ADD CONSTRAINT `FK5dlr7nj4ia58qex7s483y59l6` FOREIGN KEY (`filiere_id`) REFERENCES `filiere` (`id`),
  ADD CONSTRAINT `FKe7oa3v31ke22q1myu5slka3sn` FOREIGN KEY (`semestre_id`) REFERENCES `semestre` (`id`);

--
-- Contraintes pour la table `criteria`
--
ALTER TABLE `criteria`
  ADD CONSTRAINT `FK4n5r9qlha22r1hk82ntl07rqu` FOREIGN KEY (`etudiant_id`) REFERENCES `person` (`id`);

--
-- Contraintes pour la table `groupe`
--
ALTER TABLE `groupe`
  ADD CONSTRAINT `FKe2tx74u36ftkwm8kkcyoya51w` FOREIGN KEY (`classe_id`) REFERENCES `classe` (`id`);

--
-- Contraintes pour la table `module`
--
ALTER TABLE `module`
  ADD CONSTRAINT `FKjqbmwfl75ck7wgjg0455r0wia` FOREIGN KEY (`classe_id`) REFERENCES `classe` (`id`),
  ADD CONSTRAINT `FKkdtdv1a9pmrxwwv3cf6thgpv3` FOREIGN KEY (`filiere_id`) REFERENCES `filiere` (`id`),
  ADD CONSTRAINT `FKnwa6b5dj22vyr1tcfrxx8736b` FOREIGN KEY (`enseignant_id`) REFERENCES `person` (`id`);

--
-- Contraintes pour la table `non_disponibilite`
--
ALTER TABLE `non_disponibilite`
  ADD CONSTRAINT `FKlsms01hf9pkw9slehf5o10q8v` FOREIGN KEY (`enseignant_id`) REFERENCES `person` (`id`);

--
-- Contraintes pour la table `person`
--
ALTER TABLE `person`
  ADD CONSTRAINT `FK7b0yqwhuqerskhk65c3sn8x9c` FOREIGN KEY (`groupe_id`) REFERENCES `groupe` (`id`),
  ADD CONSTRAINT `FKrgn11m7897xqhfeo5ywtsssy4` FOREIGN KEY (`classe_id`) REFERENCES `classe` (`id`);

--
-- Contraintes pour la table `session`
--
ALTER TABLE `session`
  ADD CONSTRAINT `FK11l9978e5j23gjytqhgwlqb0g` FOREIGN KEY (`enseignant_id`) REFERENCES `person` (`id`),
  ADD CONSTRAINT `FK7vcm9xoec4eqifbkryow1dv1y` FOREIGN KEY (`module_id`) REFERENCES `module` (`id`),
  ADD CONSTRAINT `FKjkchx9jq1p80gqt6kbgbhwa00` FOREIGN KEY (`etudiant_id`) REFERENCES `person` (`id`);

--
-- Contraintes pour la table `timeslot_module_salle`
--
ALTER TABLE `timeslot_module_salle`
  ADD CONSTRAINT `FKtk5g5pyfdkgvhshcmqgek2syh` FOREIGN KEY (`module_id`) REFERENCES `module` (`id`);
COMMIT;

/*!40101 SET CHARACTER_SET_CLIENT=@OLD_CHARACTER_SET_CLIENT */;
/*!40101 SET CHARACTER_SET_RESULTS=@OLD_CHARACTER_SET_RESULTS */;
/*!40101 SET COLLATION_CONNECTION=@OLD_COLLATION_CONNECTION */;
